{
  "phi_deg": 31.48156903957045,
  "lambda_deg": 20.6397333331689,
  "h_m": 16101378.444240715,
  "eps_phi_pct": 0,
  "eps_lambda_pct": 0,
  "eps_h_pct": 0,
  "used": 7,
  "discarded": 0,
  "calc_time_ms": 22,
  "date_time": "2025-09-09T14:54:25.5250310+03:00"
}
