{
  "phi_deg": 69.60635555041532,
  "lambda_deg": 124.97490507788675,
  "h_m": 16462842.492522974,
  "eps_phi_pct": 0,
  "eps_lambda_pct": 0,
  "eps_h_pct": 0,
  "used": 4,
  "discarded": 0,
  "calc_time_ms": 17,
  "date_time": "2025-09-09T14:44:08.2381020+03:00"
}
